{"cameraMode":{"drawMode":0,"name":"Shaded","section":"Shading Mode"},"sceneLighting":false,"audioPlay":false,"sceneViewState":{"m_AlwaysRefresh":false,"showFog":true,"showSkybox":false,"showFlares":true,"showImageEffects":true,"showParticleSystems":true,"showVisualEffectGraphs":true,"m_FxEnabled":true},"in2DMode":false,"pivot":{"x":-2.3703036308288576,"y":0.17714929580688477,"z":-1.0520660877227784},"rotation":{"x":-0.17760799825191499,"y":-0.13621275126934052,"z":0.024830782786011697,"w":-0.9743185639381409},"size":2.1223440170288088,"orthographic":false}