{"cameraMode":{"drawMode":0,"name":"Shaded","section":"Shading Mode"},"sceneLighting":true,"audioPlay":false,"sceneViewState":{"m_AlwaysRefresh":false,"showFog":true,"showSkybox":true,"showFlares":true,"showImageEffects":true,"showParticleSystems":true,"showVisualEffectGraphs":true,"m_FxEnabled":true},"in2DMode":false,"pivot":{"x":-7.63957405090332,"y":2.031501293182373,"z":-15.287473678588868},"rotation":{"x":0.05091293528676033,"y":-0.050311315804719928,"z":0.002567933639511466,"w":0.9974328875541687},"size":3.4350674152374269,"orthographic":false}