{"cameraMode":{"drawMode":0,"name":"Shaded","section":"Shading Mode"},"sceneLighting":false,"audioPlay":false,"sceneViewState":{"m_AlwaysRefresh":false,"showFog":true,"showSkybox":false,"showFlares":true,"showImageEffects":true,"showParticleSystems":true,"showVisualEffectGraphs":true,"m_FxEnabled":true},"in2DMode":false,"pivot":{"x":-1.1765680313110352,"y":-0.10236310958862305,"z":37.10863494873047},"rotation":{"x":0.1978863775730133,"y":-0.0760667622089386,"z":0.015408367849886418,"w":0.9771593809127808},"size":3.531571626663208,"orthographic":false}