{"cameraMode":{"drawMode":0,"name":"Shaded","section":"Shading Mode"},"sceneLighting":false,"audioPlay":false,"sceneViewState":{"m_AlwaysRefresh":false,"showFog":true,"showSkybox":false,"showFlares":true,"showImageEffects":true,"showParticleSystems":true,"showVisualEffectGraphs":true,"m_FxEnabled":true},"in2DMode":false,"pivot":{"x":0.000002384185791015625,"y":2.3489794731140138,"z":0.000003814697265625},"rotation":{"x":-0.17760799825191499,"y":-0.13621275126934052,"z":0.024830782786011697,"w":-0.9743185639381409},"size":5.046963214874268,"orthographic":false}