{"cameraMode":{"drawMode":0,"name":"Shaded","section":"Shading Mode"},"sceneLighting":false,"audioPlay":false,"sceneViewState":{"m_AlwaysRefresh":false,"showFog":true,"showSkybox":false,"showFlares":true,"showImageEffects":true,"showParticleSystems":true,"showVisualEffectGraphs":true,"m_FxEnabled":true},"in2DMode":false,"pivot":{"x":0.7278001308441162,"y":-0.6589293479919434,"z":-2.3608407974243166},"rotation":{"x":-0.2277693897485733,"y":-0.33167561888694765,"z":0.08286044001579285,"w":-0.9117342829704285},"size":3.2850866317749025,"orthographic":false}