{"cameraMode":{"drawMode":0,"name":"Shaded","section":"Shading Mode"},"sceneLighting":false,"audioPlay":false,"sceneViewState":{"m_AlwaysRefresh":false,"showFog":true,"showSkybox":false,"showFlares":true,"showImageEffects":true,"showParticleSystems":true,"showVisualEffectGraphs":true,"m_FxEnabled":true},"in2DMode":false,"pivot":{"x":0.31273096799850466,"y":0.546078622341156,"z":-1.1598975658416749},"rotation":{"x":-0.11182912439107895,"y":-0.8638352751731873,"z":0.21993885934352876,"w":-0.43922749161720278},"size":0.7435349822044373,"orthographic":false}