{"cameraMode":{"drawMode":0,"name":"Shaded","section":"Shading Mode"},"sceneLighting":false,"audioPlay":false,"sceneViewState":{"m_AlwaysRefresh":false,"showFog":true,"showSkybox":false,"showFlares":true,"showImageEffects":true,"showParticleSystems":true,"showVisualEffectGraphs":true,"m_FxEnabled":true},"in2DMode":false,"pivot":{"x":-0.04876506328582764,"y":0.4917804002761841,"z":-0.625963568687439},"rotation":{"x":-0.13690857589244843,"y":-0.7944871783256531,"z":0.19468583166599275,"w":-0.5587111115455627},"size":1.0443166494369507,"orthographic":false}