{"cameraMode":{"drawMode":0,"name":"Shaded","section":"Shading Mode"},"sceneLighting":false,"audioPlay":false,"sceneViewState":{"m_AlwaysRefresh":false,"showFog":true,"showSkybox":false,"showFlares":true,"showImageEffects":true,"showParticleSystems":true,"showVisualEffectGraphs":true,"m_FxEnabled":true},"in2DMode":false,"pivot":{"x":-3.6336793899536135,"y":3.044745922088623,"z":0.7249407768249512},"rotation":{"x":-0.14966648817062379,"y":-0.032031867653131488,"z":0.004851806443184614,"w":-0.9882107377052307},"size":3.9719769954681398,"orthographic":false}