{"cameraMode":{"drawMode":0,"name":"Shaded","section":"Shading Mode"},"sceneLighting":false,"audioPlay":false,"sceneViewState":{"m_AlwaysRefresh":false,"showFog":true,"showSkybox":false,"showFlares":true,"showImageEffects":true,"showParticleSystems":true,"showVisualEffectGraphs":true,"m_FxEnabled":true},"in2DMode":false,"pivot":{"x":-3.880401849746704,"y":1.3374011516571046,"z":-0.19702041149139405},"rotation":{"x":-0.19210849702358247,"y":-0.5533474683761597,"z":0.13295912742614747,"w":-0.7995223999023438},"size":2.2641565799713136,"orthographic":false}